{
    "Optimized Baseline": {
        "Standard": {
            "ROUGE-1": 0.312537616043322,
            "ROUGE-2": 0.1740279655430682,
            "ROUGE-L": 0.1595208746174429,
            "BERTScore F1": 0.8401382803916931
        },
        "Chunking": {
            "ROUGE-1": 0.5283517935834052,
            "ROUGE-2": 0.29008264608226797,
            "ROUGE-L": 0.21573330926717246,
            "BERTScore F1": 0.8403768698374431
        }
    },
    "Rhetorical Model": {
        "Standard": {
            "ROUGE-1": 0.2471141110566652,
            "ROUGE-2": 0.12493075389401379,
            "ROUGE-L": 0.12502436601698297,
            "BERTScore F1": 0.8330365022023519
        },
        "Chunking": {
            "ROUGE-1": 0.5180730479313715,
            "ROUGE-2": 0.285592077885163,
            "ROUGE-L": 0.21658941037632184,
            "BERTScore F1": 0.8368366241455079
        }
    },
    "DPO Baseline": {
        "Standard": {
            "ROUGE-1": 0.31738096761440404,
            "ROUGE-2": 0.1612443279438407,
            "ROUGE-L": 0.15486685623998314,
            "BERTScore F1": 0.8372490564982097
        },
        "Chunking": {
            "ROUGE-1": 0.5274111708972964,
            "ROUGE-2": 0.2870263613969881,
            "ROUGE-L": 0.22030699382753322,
            "BERTScore F1": 0.8369044621785482
        }
    },
    "DPO Rhetorical": {
        "Standard": {
            "ROUGE-1": 0.28184142460640693,
            "ROUGE-2": 0.14893177831164012,
            "ROUGE-L": 0.14401396451704748,
            "BERTScore F1": 0.8333694140116373
        },
        "Chunking": {
            "ROUGE-1": 0.5769202563536727,
            "ROUGE-2": 0.318581421911614,
            "ROUGE-L": 0.23703292611930613,
            "BERTScore F1": 0.837955911954244
        }
    }
}